Dimens√£o,Clique
2,"angel, however"
2,"recover, u"
2,"recover, learn"
2,"rutherford, east"
2,"devalue, forced"
2,"satisfaction, get"
2,"qualified, feel"
2,"chemistry, til"
2,"chemistry, glove"
2,"avoid, apology"
2,"dreamsenchantedout, woodsshake"
2,"cobra, named"
2,"surprise, thousand"
2,"surprise, birthday"
2,"impart, situation"
2,"technically, paper"
2,"technically, making"
2,"house, kind"
2,"normal, idea"
2,"normal, college"
2,"normal, time"
2,"pretty, im"
2,"dreamsenchantedout, togetherwildest"
2,"recipe, three"
2,"recipe, know"
2,"problem, real"
2,"problem, there"
2,"sisk, laura"
2,"sisk, haim"
2,"walk, there"
2,"walk, move"
2,"walk, dont"
2,"failure, ultimately"
2,"failure, trial"
2,"failure, equal"
2,"complex, insanely"
2,"complex, world"
2,"reform, progress"
2,"society, absolutely"
2,"society, time"
2,"society, constantly"
2,"create, reality"
2,"create, selfsabotage"
2,"joy, get"
2,"realizing, childhood"
2,"realizing, 18"
2,"normal, trial"
2,"friend, high"
2,"together, there"
2,"honoree, susan"
2,"minutebyminute, everfluctuating"
2,"blue, put"
2,"stop, hating"
2,"trait, advantage"
2,"trait, grow"
2,"early, twenty"
2,"early, year"
2,"insanely, concept"
2,"catchy, song"
2,"minutebyminute, notion"
2,"isolating, silencing"
2,"worth, love"
2,"bully, see"
2,"bully, u"
2,"secondly, learn"
2,"glamourous, reality"
2,"8, contributorsain ‚Äô"
2,"finally, address"
2,"finally, bottom"
2,"art, suffering"
2,"isolating, ive"
2,"inspiration, time"
2,"inspiration, happiness"
2,"stall, bathroom"
2,"honoree, fellow"
2,"1950s, housewife"
2,"susan, hockfield"
2,"prayer, real"
2,"prayer, stress"
2,"becaus–µ, song"
2,"becaus–µ, im"
2,"reading, model"
2,"reading, word"
2,"reading, book"
2,"kiss, way"
2,"however, slip"
2,"however, answer"
2,"however, okay"
2,"however, give"
2,"laughed, twenty"
2,"goal, bizarre"
2,"goal, everlasting"
2,"goal, based"
2,"goal, ambition"
2,"stall, trying"
2,"together, drunk"
2,"likeability, relevance"
2,"friend, ally"
2,"friend, party"
2,"old, look"
2,"ghenea, laura"
2,"text, excuse"
2,"hair, straight"
2,"hair, completely"
2,"hair, curliest"
2,"le, need"
2,"august, 29th"
2,"august, 15th"
2,"old, picture"
2,"august, 24th"
2,"august, 18th"
2,"august, 14th"
2,"august, 1st"
2,"august, 21st"
2,"august, 25th"
2,"august, 26th"
2,"august, 22nd"
2,"august, 5th"
2,"august, 4th"
2,"august, 17th"
2,"old, idea"
2,"old, school"
2,"misconception, common"
2,"november, 12th"
2,"november, 10th"
2,"november, 8th"
2,"stigma, around"
2,"stigma, come"
2,"viewed, affected"
2,"viewed, relationship"
2,"lyricsi, 2016"
2,"america, child"
2,"america, irelandnorth"
2,"america, japannorth"
2,"14, tragedy"
2,"20, learning"
2,"marcus, national"
2,"marcus, mumford"
2,"songwriter, written"
2,"songwriter, centric"
2,"songwriter, ive"
2,"care, im"
2,"care, dont"
2,"pretending, mom"
2,"august, usa"
2,"friend, best"
2,"august, 8th"
2,"wrong, making"
2,"dressing, gunshot"
2,"faculty, fleming"
2,"hope, work"
2,"hope, youll"
2,"hope, know"
2,"hope, friendship"
2,"couple, thick"
2,"couple, goal"
2,"ridiculous, devalue"
2,"attitude, love"
2,"ridiculous, notion"
2,"explain, best"
2,"explain, every"
2,"kindness, empathy"
2,"friend, showing"
2,"friend, laughed"
2,"friend, loved"
2,"friend, jumping"
2,"friend, home"
2,"friend, family"
2,"written, recorded"
2,"lonely, time"
2,"lonely, best"
2,"91, contributorstranslationsespa√±olportugu√™s22"
2,"wrong, try"
2,"proud, wholeheartedly"
2,"proud, youve"
2,"proud, know"
2,"storystyle, love"
2,"turned, spectator"
2,"longstanding, address"
2,"longstanding, issue"
2,"lyricshi, im"
2,"lyricshi, speech"
2,"uncle, fund"
2,"focus, work"
2,"focus, anything"
2,"discerning, secondly"
2,"discerning, give"
2,"discerning, someone"
2,"discerning, room"
2,"curliest, birth"
2,"carry, part"
2,"carry, quikclot"
2,"carry, try"
2,"wrong, see"
2,"crumb, bread"
2,"crumb, ground"
2,"everyday, around"
2,"forever, phase"
2,"thirty, fun"
2,"wind, hurt"
2,"whats, next"
2,"whats, searching"
2,"disappear, okay"
2,"disappear, life"
2,"command, love"
2,"handle, learn"
2,"tragedy, strike"
2,"shower, winter"
2,"issue, put"
2,"issue, turn"
2,"youll, always"
2,"youll, learn"
2,"youll, maybe"
2,"alright, everything"
2,"sharpie, eyeliner"
2,"sharpie, using"
2,"sign, aging"
2,"shower, lotion"
2,"essentially, pandemic"
2,"real, taught"
2,"real, life"
2,"executive, label"
2,"trial, assault"
2,"anger, defuse"
2,"anger, spiral"
2,"accomplishment, credit"
2,"grow, resilient"
2,"grow, perfect"
2,"grow, outgrow"
2,"grow, backbone"
2,"grow, learn"
2,"faith, witnessed"
2,"moon, work"
2,"surrender, mystery"
2,"write, u"
2,"write, room"
2,"write, song"
2,"write, indepth"
2,"recorded, anything"
2,"real, cancer"
2,"real, relationship"
2,"real, gartens"
2,"citizen, risk"
2,"executive, nashville"
2,"constantly, issued"
2,"worthy, incredible"
2,"army, quikclot"
2,"perfect, young"
2,"ending, music"
2,"fat, body"
2,"fat, ounce"
2,"heel, wearing"
2,"diego, california"
2,"diego, san"
2,"overreact, hurt"
2,"chance, greater"
2,"overreact, underreact"
2,"lyricsaccording, 30"
2,"didnt, music"
2,"didnt, maybe"
2,"didnt, anyone"
2,"didnt, win"
2,"reality, consisted"
2,"speech, lyricsanyone"
2,"speech, commencement"
2,"speech, acceptance"
2,"lyricsaccording, birth"
2,"chance, love"
2,"chance, remove"
2,"chance, happy"
2,"16, jump"
2,"big, theyre"
2,"big, im"
2,"big, help"
2,"meet, male"
2,"meet, college"
2,"meet, standard"
2,"meet, ive"
2,"u, giving"
2,"u, meant"
2,"u, seat"
2,"u, anymore"
2,"u, push"
2,"u, led"
2,"u, whyd"
2,"u, believed"
2,"u, writer"
2,"u, common"
2,"u, empathy"
2,"u, come"
2,"hockfield, felix"
2,"constantly, meant"
2,"important, alone"
2,"important, comrade"
2,"important, address"
2,"every, body"
2,"every, hating"
2,"every, ounce"
2,"every, tattoo"
2,"every, home"
2,"every, concept"
2,"every, interview"
2,"every, post"
2,"every, laughing"
2,"every, person"
2,"every, single"
2,"every, choice"
2,"every, path"
2,"holiday, anything"
2,"holiday, big"
2,"looking, fun"
2,"looking, cut"
2,"feel, real"
2,"feel, person"
2,"feel, verbalize"
2,"every, thought"
2,"included, interview"
2,"included, wasnt"
2,"toxic, relationship"
2,"everyday, take"
2,"switched, ive"
2,"look, telling"
2,"look, toward"
2,"look, made"
2,"look, right"
2,"look, around"
2,"look, pronounce"
2,"fear, violence"
2,"fear, greatest"
2,"fear, safe"
2,"fear, desire"
2,"fear, biggest"
2,"fear, scar"
2,"fear, provoking"
2,"fear, manchester"
2,"imagining, college"
2,"imagining, poster"
2,"developing, rapid"
2,"developing, still"
2,"down, give"
2,"feel, completely"
2,"feel, scene"
2,"feel, 30"
2,"feel, truly"
2,"idea, perpetuates"
2,"idea, imagine"
2,"idea, perfect"
2,"idea, around"
2,"idea, narrowing"
2,"idea, thought"
2,"moment2embed, thank"
2,"approaching, 30"
2,"approaching, someone"
2,"empty, seat"
2,"unsolicited, year"
2,"unsolicited, anyone"
2,"blocking, anyone"
2,"blocking, number"
2,"newfound, celebrated"
2,"newfound, acceptance"
2,"unavoidable, lifetime"
2,"dinner, making"
2,"dinner, party"
2,"jersey, usa"
2,"important, phase"
2,"idea, working"
2,"november, 11th"
2,"idea, obsessed"
2,"hard, anyway"
2,"feel, word"
2,"feel, informed"
2,"note, take"
2,"countdown, app"
2,"discovered, recently"
2,"discovered, command"
2,"service, life"
2,"showed, u"
2,"showed, future"
2,"get, ticket"
2,"get, happy"
2,"get, girli"
2,"get, apology"
2,"get, wouldhow"
2,"perfectionism, know"
2,"onemay, 5th"
2,"onemay, 15th"
2,"19, playing"
2,"well, fine"
2,"hard, try"
2,"hard, know"
2,"idea, continuation"
2,"speech, award"
2,"november, singapore"
2,"matos, felix"
2,"actually, world"
2,"actually, impression"
2,"actually, arent"
2,"actually, learn"
2,"process, album"
2,"process, ive"
2,"chic, fundamentally"
2,"chic, im"
2,"jail, put"
2,"actually, system"
2,"jail, forever"
2,"jail, star"
2,"growing, part"
2,"growing, moving"
2,"onstage, appeared"
2,"battle, fighting"
2,"battle, taught"
2,"passion, perfect"
2,"anxious, daily"
2,"meatball, real"
2,"jail, something"
2,"actually, back"
2,"ashamed, trying"
2,"teacher, ally"
2,"lesson, season"
2,"lesson, important"
2,"lesson, dont"
2,"lesson, paper"
2,"lesson, 9"
2,"lesson, 28"
2,"lesson, 13"
2,"hole, die"
2,"hole, fewer"
2,"warning, see"
2,"warning, issued"
2,"warning, veiled"
2,"twentytwo, woahoh"
2,"soft, season"
2,"figuring, overwhelming"
2,"realization, need"
2,"realization, come"
2,"screw, sometimes"
2,"sacrifice, austin"
2,"sacrifice, made"
2,"teacher, mentor"
2,"huge, thank"
2,"lesson, 8"
2,"huge, say"
2,"case, anymore"
2,"katherine, provost"
2,"serious, handle"
2,"mojitos, oldfashioneds"
2,"mojitos, because‚Ä¶2016"
2,"back, together"
2,"back, oh"
2,"back, dusting"
2,"back, stitched"
2,"back, apologize"
2,"katherine, fleming"
2,"back, looking"
2,"back, laughing"
2,"back, strike"
2,"back, picture"
2,"back, later"
2,"back, behind"
2,"pray, safe"
2,"ditch, whole"
2,"apologizing, hurt"
2,"senior, story"
2,"back, togetherwildest"
2,"group, perfectionist"
2,"group, feel"
2,"group, together"
2,"case, around"
2,"case, opinion"
2,"case, sexual"
2,"case, hope"
2,"bazillion, asked"
2,"york, waiting"
2,"delivery, service"
2,"delivery, menu"
2,"one, grass"
2,"one, give"
2,"one, interviewer"
2,"one, pulled"
2,"one, single"
2,"one, cat"
2,"one, cool"
2,"one, stuck"
2,"one, toxic"
2,"fiercely, life"
2,"theyve, left"
2,"theyve, love"
2,"theyve, curl"
2,"case, wanted"
2,"senior, thesis"
2,"lesson, 7"
2,"lesson, searching"
2,"whatever, said"
2,"whatever, impart"
2,"whatever, maybe"
2,"whatever, want"
2,"want, anytime"
2,"want, mostly"
2,"want, verbalize"
2,"want, even"
2,"want, lyricsi"
2,"terminal, went"
2,"want, whatev–µr"
2,"want, empty"
2,"want, bet"
2,"want, leader"
2,"want, twice"
2,"want, actually"
2,"spaghetti, meatball"
2,"spaghetti, use"
2,"learned, society"
2,"learned, 8"
2,"want, someone"
2,"terminal, airport"
2,"meat, nigella"
2,"public, went"
2,"many, incredible"
2,"many, wonderful"
2,"many, issue"
2,"many, granted"
2,"many, weve"
2,"many, saw"
2,"many, amazing"
2,"many, crowded"
2,"ago, someone"
2,"ago, year"
2,"bitterness, come"
2,"illness, serious"
2,"illness, family"
2,"ruin, exists"
2,"structure, framework"
2,"forgive, able"
2,"forgive, couldnt"
2,"forgive, making"
2,"forgive, fiveyearold"
2,"public, high"
2,"public, career"
2,"learned, forget"
2,"lesson, 21"
2,"learned, 23"
2,"learned, 9"
2,"lesson, received"
2,"lesson, because‚Ä¶2016"
2,"lesson, 17"
2,"lesson, 3"
2,"lesson, spite"
2,"lesson, bleachella"
2,"lesson, 27"
2,"lesson, 18"
2,"lesson, caring"
2,"lesson, embodiment"
2,"lesson, use"
2,"lesson, 23"
2,"lesson, step"
2,"lesson, 19"
2,"lesson, 16"
2,"lesson, return"
2,"lesson, memory"
2,"lesson, chess"
2,"lesson, 14"
2,"lesson, 20"
2,"lesson, problem"
2,"lesson, 2"
2,"lesson, 22"
2,"lesson, relationship"
2,"learned, hair"
2,"learned, grateful"
2,"learned, disarming"
2,"learned, block"
2,"learned, stop"
2,"learned, 27"
2,"learned, fine"
2,"learned, reaching"
2,"learned, case"
2,"video, music"
2,"video, song"
2,"2015, 16th"
2,"video, lennox"
2,"video, coming"
2,"video, anyone"
2,"video, directing"
2,"vega, la"
2,"vega, bombing"
2,"vega, concert"
2,"hurl, twenty"
2,"lessen, thing"
2,"learned, friend"
2,"accepting, work"
2,"accepting, body"
2,"great, way"
2,"perspective, singing"
2,"finding, happiness"
2,"outtake, reputation"
2,"hopelessly, feel"
2,"hopelessly, lonely"
2,"discussion, way"
2,"breathing, enough"
2,"breathing, know"
2,"breathing, work"
2,"southwest, u"
2,"yes, invited"
2,"internet, nearly"
2,"internet, anyway"
2,"internet, le"
2,"internet, praise"
2,"internet, general"
2,"instead, album"
2,"instead, sleeping"
2,"instead, making"
2,"fighting, mom"
2,"draining, hurting"
2,"locked, essentially"
2,"embed, innocent"
2,"dangerous, quick"
2,"thing, reputation"
2,"thing, hung"
2,"thing, grudge"
2,"thing, release"
2,"thing, gain"
2,"thing, two"
2,"thing, agonizing"
2,"283, feel"
2,"knowledge, excellent"
2,"grammys, twice"
2,"grammys, year"
2,"grammys, 2016"
2,"grammys, speech"
2,"heart, part"
2,"heart, reaction"
2,"heart, need"
2,"heart, soul"
2,"heart, whole"
2,"nicer, start"
2,"nicer, skin"
2,"met, resistance"
2,"teenager, see"
2,"thing, contributors1"
2,"teenager, time"
2,"hometown, made"
2,"something, wearing"
2,"something, taking"
2,"something, soul"
2,"something, young"
2,"something, meembed"
2,"something, whoa"
2,"brain, little"
2,"brain, image"
2,"brain, intensely"
2,"doesnt, mean"
2,"brain, training"
2,"news, bad"
2,"news, scary"
2,"news, got ta"
2,"almost, year"
2,"craft, thrill"
2,"craft, love"
2,"use, influence"
2,"use, packaged"
2,"use, choose"
2,"brain, inundate"
2,"3, million"
2,"3, trying"
2,"max, producer"
2,"hometown, sleepover"
2,"keep, next"
2,"keep, always"
2,"keep, definitely"
2,"keep, laughing"
2,"keep, 3"
2,"keep, memory"
2,"interviewer, barb"
2,"interviewer, executive"
2,"interviewer, medium"
2,"opinion, stranger"
2,"opinion, projected"
2,"opinion, outside"
2,"say, career"
2,"say, welcome"
2,"say, listen"
2,"say, mean"
2,"say, young"
2,"say, wholeheartedly"
2,"say, thirty"
2,"say, elated"
2,"lunch, table"
2,"thing, bad"
2,"thing, bag"
2,"thing, doesnt"
2,"test, stress"
2,"test, imagine"
2,"id, worse"
2,"id, shouldnt"
2,"id, lock"
2,"id, waiting"
2,"id, home"
2,"id, post"
2,"id, hung"
2,"13, opinion"
2,"id, thought"
2,"nine, coffee"
2,"misstep, led"
2,"misstep, step"
2,"today, made"
2,"today, perfectionist"
2,"today, standing"
2,"today, graduating"
2,"today, elated"
2,"today, celebrate"
2,"nine, morning"
2,"muscle, health"
2,"going, keep"
2,"going, help"
2,"great, medium"
2,"headfirst, maybe"
2,"headfirst, jump"
2,"7, biggest"
2,"example, phase"
2,"example, try"
2,"example, rectifying"
2,"rose, attitude"
2,"rose, tattoo"
2,"hook, catchy"
2,"hook, call"
2,"hook, sometimes"
2,"hook, intensely"
2,"sometimes, saying"
2,"sometimes, grace"
2,"sometimes, reform"
2,"sometimes, grow"
2,"sometimes, string"
2,"sometimes, future"
2,"going, lie"
2,"going, woman"
2,"smile, thought"
2,"smile, lip"
2,"grade, army"
2,"grade, 10th"
2,"failing, normal"
2,"coffee, im"
2,"valuable, person"
2,"valuable, know"
2,"bit, tiny"
2,"winning, award"
2,"seriously, taken"
2,"seriously, year"
2,"lens, perfectionism"
2,"lens, life"
2,"return, safe"
2,"road, radio"
2,"road, went"
2,"2022, single"
2,"2022, class"
2,"went, silence"
2,"went, se"
2,"went, nyu"
2,"board, led"
2,"board, jumped"
2,"thing, happen"
2,"failing, cooler"
2,"glitter, someone"
2,"dream ‚Äù, look"
2,"indebted, grateful"
2,"grade, finished"
2,"might, rising"
2,"might, sound"
2,"might, nyu"
2,"might, anyone"
2,"connected, everything"
2,"connected, love"
2,"‚Äî, continuation"
2,"‚Äî, fascinating"
2,"‚Äî, maybe"
2,"‚Äî, laugh"
2,"fight, oh"
2,"fight, motherdaughter"
2,"fight, relationship"
2,"fight, 22"
2,"fight, worth"
2,"fight, winning"
2,"fight, thick"
2,"meeting, call"
2,"meeting, upon"
2,"indebted, love"
2,"ensnares, word"
2,"deserve, didnt"
2,"expense, effort"
2,"routine, upon"
2,"irelandnorth, dublin"
2,"cooler, locale"
2,"garlic, crusher"
2,"perceived, piece"
2,"hateful, troll"
2,"theyre, need"
2,"theyre, even"
2,"theyre, time"
2,"wrongdoing, deny"
2,"unbothered, ambivalence"
2,"child, world"
2,"punished, island"
2,"high, school"
2,"high, coming"
2,"outlook, ambivalence"
2,"oh, thought"
2,"member, music"
2,"member, family"
2,"hamilton, provost"
2,"called, 22"
2,"victim, coming"
2,"unbothered, culture"
2,"gave, career"
2,"there, greater"
2,"turbulence, experiencing"
2,"louisiana, rouge"
2,"contributorsalbum, 9"
2,"catch, release"
2,"situation, solicited"
2,"situation, help"
2,"situation, nice"
2,"insecurity, even"
2,"21, fashion"
2,"age, impossible"
2,"age, career"
2,"age, 15"
2,"price, came"
2,"stand, need"
2,"stand, time"
2,"youth, everlasting"
2,"tonight, room"
2,"tonight, yeah"
2,"there, coming"
2,"there, anyway"
2,"there, everything"
2,"career, path"
2,"believe, assault"
2,"career, losing"
2,"lock, room"
2,"selected, menu"
2,"june, 3rd"
2,"june, scotland"
2,"june, 27th"
2,"june, 21st"
2,"june, 6th"
2,"june, 9th"
2,"june, 30th"
2,"june, 29th"
2,"impossible, standard"
2,"june, 13th"
2,"june, 24th"
2,"june, 23rd"
2,"june, england"
2,"june, 12th"
2,"june, 2nd"
2,"june, 8th"
2,"end, polishing"
2,"end, scene"
2,"excited, ive"
2,"june, 20th"
2,"theyll, comrade"
2,"assault, sexual"
2,"appeared, karyn"
2,"ohio, columbus"
2,"ohio, cleveland"
2,"sleepover, party"
2,"medium, industry"
2,"musical, part"
2,"musical, community"
2,"spectator, sport"
2,"come, said"
2,"come, see"
2,"come, path"
2,"come, ive"
2,"see, someone"
2,"shooting, foot"
2,"writing, guided"
2,"tennessee, nashville"
2,"responding, troll"
2,"responding, equivalent"
2,"coming, person"
2,"worry, stress"
2,"15, came"
2,"15, layer"
2,"ended, changed"
2,"boundary, push"
2,"believe, victim"
2,"regret, someone"
2,"common, destination"
2,"common, there"
2,"racism, invoking"
2,"racism, provoking"
2,"code, moral"
2,"code, right"
2,"system, political"
2,"vitamin, 15"
2,"youngest, person"
2,"supplement, natural"
2,"projected, long"
2,"apology, sincere"
2,"‚Äô, see"
2,"‚Äô, there"
2,"‚Äô, innocent"
2,"thrill, working"
2,"life, exactly"
2,"life, throne"
2,"life, party"
2,"life, ina"
2,"packaged, bread"
2,"supplement, help"
2,"global, pandemic"
2,"global, icon"
2,"drunk, taxidermist"
2,"think, see"
2,"think, selfsabotage"
2,"think, tease"
2,"think, healthy"
2,"think, writer"
2,"little, extra"
2,"raising, come"
2,"concert, shooting"
2,"rectifying, working"
2,"around, stuck"
2,"editing, waking"
2,"editing, end"
2,"keeping, put"
2,"stock, there"
2,"wish, wouldhow"
2,"saw, life"
2,"work, world"
2,"work, company"
2,"cat, theyre"
2,"cat, conversation"
2,"life, guiding"
2,"unintentional, even"
2,"life, private"
2,"life, chess"
2,"september, 11th"
2,"september, 16th"
2,"september, 25th"
2,"september, 6th"
2,"september, 22nd"
2,"september, 5th"
2,"september, 4th"
2,"september, 26th"
2,"september, 12th"
2,"september, 21st"
2,"september, 9th"
2,"conversation, person"
2,"conversation, argument"
2,"much, outfit"
2,"much, coming"
2,"body, left"
2,"body, put"
2,"divorce, paper"
2,"personal, continued"
2,"narrowing, polishing"
2,"september, 28th"
2,"september, 18th"
2,"september, 17th"
2,"september, 13th"
2,"life, catch"
2,"life, guided"
2,"life, hurting"
2,"life, embarrassed"
2,"life, daytoday"
2,"life, chapter"
2,"last, inn"
2,"last, lipsyncing"
2,"last, time"
2,"last, taylor"
2,"gone, ive"
2,"happen, someone"
2,"instagram, stuff"
2,"instagram, hateful"
2,"telling, someone"
2,"give, culture"
2,"give, relationship"
2,"give, divorce"
2,"give, wont"
2,"give, worry"
2,"september, 29th"
2,"life, personal"
2,"boundary, dieting"
2,"cup, aperol"
2,"patchwork, alone"
2,"2015, charlotte"
2,"2015, east"
2,"2015, atlanta"
2,"2015, santa"
2,"2015, foxborough"
2,"2015, 18th"
2,"2015, edmonton"
2,"2015, 1st"
2,"2015, bossier"
2,"2015, 2nd"
2,"2015, montreal"
2,"2015, 11th"
2,"2015, denver"
2,"2015, dublin"
2,"2015, 4th"
2,"2015, melbourne"
2,"2015, 30th"
2,"2015, amsterdam"
2,"2015, nashville"
2,"2015, tokyo"
2,"2015, saint"
2,"2015, 12th"
2,"2015, 21st"
2,"2015, louisville"
2,"caught, lipsyncing"
2,"everything, natural"
2,"everything, arent"
2,"need, blame"
2,"said, person"
2,"image, arent"
2,"nebraska, omaha"
2,"waking, middle"
2,"georgia, atlanta"
2,"stab, gunshot"
2,"rouge, baton"
2,"twojuly, 6th"
2,"2015, omaha"
2,"2015, chicago"
2,"2015, 14th"
2,"2015, 26th"
2,"2015, 9th"
2,"2015, san"
2,"2015, cleveland"
2,"2015, toronto"
2,"2015, 24th"
2,"2015, 20th"
2,"england, manchester"
2,"2015, pittsburgh"
2,"2015, la"
2,"2015, baton"
2,"2015, los"
2,"2015, philadelphia"
2,"2015, 10th"
2,"2015, 8th"
2,"2015, indianapolis"
2,"2015, sydney"
2,"2015, 31st"
2,"2015, manchester"
2,"2015, 25th"
2,"2015, 6th"
2,"2015, london"
2,"2015, singapore"
2,"2015, 13th"
2,"2015, glasgow"
2,"2015, brisbane"
2,"2015, vancouver"
2,"2015, glendale"
2,"2015, detroit"
2,"2015, fargo"
2,"2015, 22nd"
2,"2015, miami"
2,"2015, kansa"
2,"2015, lexington"
2,"2015, 23rd"
2,"2015, ottawa"
2,"2015, st"
2,"2015, tampa"
2,"2015, cologne"
2,"2015, 15th"
2,"2015, 3rd"
2,"2015, shanghai"
2,"2015, columbus"
2,"2015, 17th"
2,"2015, 27th"
2,"2015, raleigh"
2,"2015, de"
2,"2015, 28th"
2,"2015, arlington"
2,"2015, 5th"
2,"2015, 7th"
2,"2015, houston"
2,"2015, 29th"
2,"2015, greensboro"
2,"2015, adelaide"
2,"2015, salt"
2,"england, london"
2,"ltheanine, natural"
2,"world, changed"
2,"turn, 30"
2,"turn, run"
2,"setting, phone"
2,"consummate, optimist"
2,"layer, person"
2,"kentucky, lexington"
2,"kentucky, louisville"
2,"clara, santa"
2,"piece, critical"
2,"studied, dreamed"
2,"30, 2019"
2,"industry, music"
2,"help, even"
2,"educating, political"
2,"educating, time"
2,"scotland, glasgow"
2,"25, deserved"
2,"honest, time"
2,"illinois, chicago"
2,"invited, party"
2,"30, reaching"
2,"name, progress"
2,"name, person"
2,"name, thought"
2,"ive, witnessed"
2,"ive, hammered"
2,"ive, long"
2,"school, thought"
2,"school, chart"
2,"school, 10th"
2,"able, need"
2,"apologize, time"
2,"apologize, move"
2,"stalker, trying"
2,"stalker, enough"
2,"stress, help"
2,"stress, time"
2,"alberta, edmonton"
2,"lifetime, even"
2,"part, reputation"
2,"part, mess"
2,"charming, person"
2,"greatest, put"
2,"greatest, ruled"
2,"couldnt, room"
2,"arena, manchester"
2,"solid, call"
2,"adult, even"
2,"taught, twenty"
2,"exile, silencing"
2,"someone, change"
2,"someone, petty"
2,"instantly, room"
2,"time, ohoh"
2,"time, run"
2,"time, rinse"
2,"scary, wont"
2,"wont, sleeping"
2,"texture, birth"
2,"texture, change"
2,"twenty, sleeping"
2,"australia, sydney"
2,"australia, brisbane"
2,"australia, adelaide"
2,"australia, melbourne"
2,"phase, entirety"
2,"paul, saint"
2,"rinse, repeat"
2,"japannorth, tokyo"
2,"start, kind"
2,"long, resilient"
2,"still, adult"
2,"family, parent"
2,"even, punish"
2,"taught, protect"
2,"else, everything"
2,"else, someone"
2,"put, effort"
2,"put, time"
2,"put, love"
2,"fine, even"
2,"colorado, denver"
2,"youve, everything"
2,"love, stranger"
2,"love, arent"
2,"path, chart"
2,"taking, caught"
2,"taking, dieting"
2,"mess, embarrassed"
2,"mess, learn"
2,"needed, start"
2,"needed, person"
2,"needed, even"
2,"outfit, leotard"
2,"private, protect"
2,"named, karyn"
2,"routine, charming"
2,"still, mine"
2,"better, much"
2,"skin, moisturize"
2,"choice, life"
2,"choice, wont"
2,"choice, long"
2,"angeles, los"
2,"woman, young"
2,"woman, arent"
2,"woman, win"
2,"contribute, life"
2,"laughing, fun"
2,"earlier, said"
2,"pimms, cup"
2,"album, thank"
2,"album, win"
2,"album, year"
2,"album, three"
2,"future, toward"
2,"future, believed"
2,"entire, slip"
2,"next, year"
2,"earlier, dont"
2,"netherlands, amsterdam"
2,"netherlands, june"
2,"perpetuates, outlook"
2,"picture, cut"
2,"label, else"
2,"made, cry"
2,"made, album"
2,"made, perceived"
2,"made, released"
2,"excuse, pace"
2,"grudge, update"
2,"find, word"
2,"find, later"
2,"find, able"
2,"find, team"
2,"human, part"
2,"rule, next"
2,"rule, try"
2,"especially, year"
2,"especially, heavy"
2,"especially, try"
2,"especially, community"
2,"especially, risk"
2,"especially, three"
2,"next, better"
2,"picture, hurt"
2,"next, world"
2,"app, theyre"
2,"pop, country"
2,"forget, heartbreak"
2,"indiana, indianapolis"
2,"indiana, usa"
2,"contributor1989, world"
2,"vernon, national"
2,"mom, else"
2,"mom, cancer"
2,"mom, 30"
2,"pop, star"
2,"mom, motel"
2,"traduzione, italianaafterglow"
2,"usa, colorado"
2,"usa, louisiana"
2,"usa, june"
2,"usa, september"
2,"usa, nebraska"
2,"usa, georgia"
2,"usa, massachusetts"
2,"usa, tennessee"
2,"mom, thank"
2,"pop, alternative"
2,"coffeehouse, singing"
2,"coffeehouse, standing"
2,"50, name"
2,"laugh, way"
2,"laugh, learning"
2,"90, im"
2,"celsius, fahrenheit"
2,"worse, even"
2,"bullying, petty"
2,"obsessed, absolutely"
2,"im, showing"
2,"im, optimist"
2,"im, taylor"
2,"im, r–µason"
2,"im, work"
2,"im, excited"
2,"im, rhetoric"
2,"im, repeat"
2,"im, training"
2,"im, blame"
2,"everfluctuating, social"
2,"along, way"
2,"fantasy, torturer"
2,"next, coming"
2,"usa, kentucky"
2,"picture, based"
2,"pronounce, know"
2,"mean, curve"
2,"mean, alive"
2,"deadline, time"
2,"deadline, forget"
2,"morning, think"
2,"morning, ultraviolet"
2,"bizarre, achieve"
2,"winter, year"
2,"appease, especially"
2,"mean, ‚Äô"
2,"appease, praise"
2,"completely, shooting"
2,"completely, change"
2,"hack, wish"
2,"hack, life"
2,"answer, dont"
2,"nyu, thank"
2,"nyu, graduating"
2,"nyu, making"
2,"nyu, global"
2,"effortlessness, trying"
2,"mean, losing"
2,"mean, ruled"
2,"mean, release"
2,"mughlai, lawsons"
2,"mughlai, chicken"
2,"friendship, along"
2,"friendship, lifelong"
2,"friendship, behind"
2,"friendship, relationship"
2,"politics, took"
2,"eat, work"
2,"eat, guilt"
2,"meembed, 9"
2,"negativity, free"
2,"dakota, usa"
2,"upon, post"
2,"upon, taken"
2,"gravity, time"
2,"male, model"
2,"round, year"
2,"beam, turn"
2,"gartens, ina"
2,"worst, aging"
2,"worst, regret"
2,"carolina, usa"
2,"picture, celebrated"
2,"recurring, flashback"
2,"maisie, present"
2,"granted, take"
2,"story, fantasy"
2,"story, instagram"
2,"story, love"
2,"story, taught"
2,"step, daylight"
2,"mol√©, fajitas"
2,"song, post"
2,"song, called"
2,"guy, exactly"
2,"song, myspace"
2,"always, cooked"
2,"always, searching"
2,"always, insecurity"
2,"always, believed"
2,"always, mom"
2,"always, thought"
2,"contributors1, 2"
2,"sweet, 2"
2,"earth, entire"
2,"song, writing"
2,"realize, love"
2,"california, angeles"
2,"california, clara"
2,"junior, high"
2,"academy, giving"
2,"academy, recording"
2,"nigella, lawsons"
2,"glance, realize"
2,"glance, single"
2,"presented, often"
2,"28, im"
2,"listened, housewife"
2,"listened, country"
2,"disgusting, rhetoric"
2,"disgusting, influence"
2,"instinct, intuition"
2,"address, home"
2,"address, ive"
2,"bag, selected"
2,"whole, scene"
2,"whole, put"
2,"whole, crusher"
2,"utah, usa"
2,"california, usa"
2,"recurring, still"
2,"usa, ohio"
2,"usa, illinois"
2,"usa, florida"
2,"way, humble"
2,"way, express"
2,"underreact, person"
2,"gift, time"
2,"maybe, theyll"
2,"maybe, grass"
2,"maybe, family"
2,"chameleon, think"
2,"thank, tonight"
2,"way, date"
2,"thank, nyus"
2,"thank, word"
2,"framework, school"
2,"heard, ive"
2,"usaeuropejune, 19th"
2,"louis, st"
2,"try, help"
2,"try, caused"
2,"try, fundamentally"
2,"try, better"
2,"thank, distancing"
2,"way, enough"
2,"way, dreamed"
2,"way, home"
2,"birthday, party"
2,"different, meant"
2,"heartbreak, time"
2,"officially, solicited"
2,"massachusetts, foxborough"
2,"outgrow, relationship"
2,"amazing, thank"
2,"rail, running"
2,"rail, meant"
2,"jameela, jamil"
2,"graduate, celebrate"
2,"quebec, montreal"
2,"lot, think"
2,"lot, tonight"
2,"lot, took"
2,"lot, cooked"
2,"lotion, body"
2,"performing, everything"
2,"way, tease"
2,"way, youve"
2,"way, defuse"
2,"incredible, parent"
2,"promotion, school"
2,"incredible, honor"
2,"silence, punished"
2,"lake, salt"
2,"playing, wembley"
2,"playing, empire"
2,"playing, year"
2,"year, contributorsalbum"
2,"year, right"
2,"year, acceptance"
2,"year, price"
2,"year, needed"
2,"til, blow"
2,"year, recording"
2,"searching, world"
2,"fascinating, think"
2,"compass, guiding"
2,"compass, since"
2,"reader, someone"
2,"stitched, truck"
2,"dont, else"
2,"dont, work"
2,"dont, foot"
2,"searching, twenty"
2,"til, ‚Äô"
2,"violence, continued"
2,"mentor, member"
2,"nearly, losing"
2,"award, give"
2,"award, icon"
2,"wasnt, even"
2,"annie, body"
2,"annie, lennox"
2,"jon, mumford"
2,"sharing, 2019"
2,"sharing, caring"
2,"car, motel"
2,"bottom, rock"
2,"given, locale"
2,"desire, intuition"
2,"young, female"
2,"young, adult"
2,"young, twenty"
2,"young, age"
2,"raised, born"
2,"string, word"
2,"baby, mystery"
2,"bite, someone"
2,"incredible, enough"
2,"proof, someone"
2,"proof, absolutely"
2,"asked, child"
2,"bleachella, see"
2,"114, million"
2,"free, theyre"
2,"free, happy"
2,"free, come"
2,"lose, sight"
2,"lose, sport"
2,"lose, even"
2,"florida, usaasia"
2,"housewife, 35yearold"
2,"florida, miami"
2,"informed, enough"
2,"centered, around"
2,"bombing, arena"
2,"cancer, parent"
2,"take, advantage"
2,"take, wrongdoing"
2,"take, risk"
2,"take, success"
2,"take, better"
2,"florida, tampa"
2,"housewife, know"
2,"disarming, someone"
2,"scar, childhood"
2,"country, music"
2,"country, loved"
2,"social, distancing"
2,"social, noise"
2,"social, relevance"
2,"social, medium"
2,"pace, rapid"
2,"main, r–µason"
2,"girli, know"
2,"anyone, singing"
2,"anyone, right"
2,"anyone, world"
2,"anyone, give"
2,"chicken, fajitas"
2,"wound, website"
2,"wound, stab"
2,"unless, ask"
2,"unless, someone"
2,"fed, adult"
2,"amongst, reason"
2,"scar, working"
2,"take, ltheanine"
2,"take, credit"
2,"take, time"
2,"take, path"
2,"book, grass"
2,"soul, left"
2,"brother, austin"
2,"post, way"
2,"whyd, cry"
2,"heavy, blow"
2,"heavy, life"
2,"heavy, hammered"
2,"currently, 29"
2,"currently, age"
2,"whoa, life"
2,"dance, drive"
2,"dance, love"
2,"table, alone"
2,"excellent, gave"
2,"support, help"
2,"support, someone"
2,"reason, wont"
2,"reason, thought"
2,"reason, call"
2,"reason, there"
2,"australiaembed, melbourne"
2,"affected, stranger"
2,"australiaembed, 2"
2,"know, lyricsanyone"
2,"take, learn"
2,"led, best"
2,"block, noise"
2,"happy, there"
2,"happy, yeah"
2,"point, last"
2,"point, even"
2,"memory, inn"
2,"memory, amazing"
2,"okay, helpful"
2,"okay, dealt"
2,"know, exactly"
2,"know, sound"
2,"know, sexual"
2,"know, glastonbury"
2,"know, wine"
2,"know, destination"
2,"know, victim"
2,"know, family"
2,"know, overwhelming"
2,"know, firsthand"
2,"know, path"
2,"send, different"
2,"video, selena"
2,"gon na, write"
2,"isnt, even"
2,"isnt, glitter"
2,"isnt, cruel"
2,"isnt, learned"
2,"isnt, true"
2,"surrounded, found"
2,"literary, home"
2,"literary, chameleon"
2,"bill, signing"
2,"canada, quebec"
2,"canada, july"
2,"canada, august"
2,"canada, alberta"
2,"tabloid, taken"
2,"tabloid, sport"
2,"tabloid, website"
2,"eliminate, drama"
2,"eliminate, phone"
2,"breed, cat"
2,"isnt, gold"
2,"isnt, number"
2,"isnt, youth"
2,"isnt, stuff"
2,"ups, daily"
2,"staium, today"
2,"staium, hope"
2,"let, daylight"
2,"let, crush"
2,"let, outside"
2,"let, 22"
2,"let, go1embed"
2,"let, keep"
2,"breed, 50"
2,"let, fuel"
2,"let, guilty"
2,"let, guilt"
2,"let, enrichment"
2,"let, skepticism"
2,"ireland, dublin"
2,"ireland, june"
2,"you90embed, got ta"
2,"you90embed, 6"
2,"isnt, real"
2,"let, lift"
2,"lyricsasia, leg"
2,"lyricsasia, date"
2,"fan, million"
2,"leg, usaasia"
2,"leg, twojuly"
2,"leg, america"
2,"leg, onemay"
2,"boxing, glove"
2,"boxing, love"
2,"messaging, want"
2,"messaging, veiled"
2,"weird, part"
2,"quilt, loved"
2,"weird, call"
2,"weird, year"
2,"weird, insecurity"
2,"weird, living"
2,"weird, lessen"
2,"weird, flex"
2,"ew, seems"
2,"ew, anyway"
2,"knew, starting"
2,"knew, spacei"
2,"weird, simulation"
2,"ups, down"
2,"quilt, patchwork"
2,"feeling, world"
2,"fan, theyre"
2,"fan, screaming"
2,"fan, safe"
2,"fan, keeping"
2,"fan, last"
2,"fan, care"
2,"fan, stadium"
2,"government, signing"
2,"moment, given"
2,"tie, together"
2,"moment, bitterness"
2,"moment, others"
2,"moment, wont"
2,"moment, good"
2,"incredibly, glamourous"
2,"incredibly, sound"
2,"feeling, twentytwo"
2,"feeling, greatest"
2,"feeling, im"
2,"feeling, led"
2,"moment, funny"
2,"89, contributorstranslationsfran√ßaisespa√±ol—Å—Ä–ø—Å–∫–∏portugu√™spolskitaylor"
2,"89, go1embed"
2,"tape, command"
2,"like, question"
2,"like, cocktail"
2,"like, perfect"
2,"like, siren"
2,"like, video"
2,"like, thousand"
2,"like, thank"
2,"like, songwriter"
2,"like, chosen"
2,"like, hearing"
2,"like, island"
2,"like, id"
2,"like, class"
2,"would, alone"
2,"would, poster"
2,"would, definitely"
2,"would, earth"
2,"would, worthy"
2,"would, lol"
2,"would, america"
2,"like, moon"
2,"would, choose"
2,"like, went"
2,"like, consummate"
2,"show, need"
2,"nevada, vega"
2,"nevada, usa"
2,"like, dressed"
2,"like, every"
2,"like, 1950s"
2,"like, jumping"
2,"like, sound"
2,"like, say"
2,"like, hipster"
2,"like, spectator"
2,"like, dress"
2,"like, however"
2,"like, needed"
2,"like, pimms"
2,"like, bad"
2,"like, weasel"
2,"like, lived"
2,"like, 1"
2,"like, seems"
2,"like, seeker"
2,"deep, part"
2,"would, call"
2,"would, sit"
2,"older, warning"
2,"establish, opinion"
2,"establish, value"
2,"seven, safe"
2,"seven, month"
2,"touch, reaction"
2,"touch, perfect"
2,"2012, entirety"
2,"2012, dressed"
2,"older, member"
2,"afterglow66embed, meet"
2,"ill, back"
2,"ill, ask"
2,"ill, definitely"
2,"ill, bet"
2,"ill, making"
2,"ill, maybe"
2,"ill, asks"
2,"tape, lesson"
2,"tape, definitely"
2,"afterglow66embed, 8"
2,"would, grow"
2,"serban, ghenea"
2,"cant, avoid"
2,"would, decided"
2,"would, fewer"
2,"inflatable, cobra"
2,"inflatable, 63foot"
2,"president, andrew"
2,"president, nyus"
2,"joe, antonoff"
2,"branch, system"
2,"branch, government"
2,"serban, low"
2,"cant, really"
2,"cant, round"
2,"cant, ensnares"
2,"cant, release"
2,"cant, focus"
2,"cant, soft"
2,"cant, passion"
2,"cant, hilarious"
2,"cant, grab"
2,"cant, put"
2,"cant, social"
2,"show, got"
2,"deep, breathe"
2,"5, banish"
2,"andrew, hamilton"
2,"gratitude, step"
2,"gratitude, express"
2,"snake, calling"
2,"snake, internet"
2,"‚Äú ‚Äô, say"
2,"‚Äú ‚Äô, living"
2,"painful, forced"
2,"painful, excruciatingly"
2,"60000, front"
2,"60000, screaming"
2,"chase, real"
2,"sleepin, wont"
2,"sleepin, feel"
2,"watching, people"
2,"watching, goal"
2,"pursuit, educational"
2,"pursuit, student"
2,"lyric, outtake"
2,"expert, never"
2,"expert, chic"
2,"üî•üî•üî•, look"
2,"üî•üî•üî•, im"
2,"germany, june"
2,"germany, cologne"
2,"difference, lifelong"
2,"send, thesis"
2,"afterglow, swift"
2,"afterglow, meet"
2,"afterglow, excruciating"
2,"afterglow, traduzione"
2,"trust, misspeak"
2,"lyric, italianaafterglow"
2,"trust, wrong"
2,"trust, friendship"
2,"decide, hold"
2,"decide, started"
2,"dreamin, instead"
2,"dreamin, end"
2,"zoe, ed"
2,"zoe, selena"
2,"attack, fighting"
2,"attack, reason"
2,"trust, backbone"
2,"lyric, contributorstranslationsespa√±olportugu√™s22"
2,"lyric, ‚Äô bout"
2,"lyric, got"
2,"cynicism, met"
2,"cynicism, skepticism"
2,"matter, take"
2,"matter, really"
2,"matter, hard"
2,"matter, cringe"
2,"term, loving"
2,"term, voice"
2,"term, even"
2,"please, life"
2,"term, politics"
2,"term, cringe"
2,"sacrificed, struggled"
2,"sacrificed, studied"
2,"cringe, unavoidable"
2,"cringe, might"
2,"cringe, retrospectively"
2,"cringe, look"
2,"cringe, life"
2,"cringe, deemed"
2,"term, coming"
2,"type, doctor"
2,"please, left"
2,"please, pray"
2,"contributors30, thing"
2,"thrive, spite"
2,"thrive, survive"
2,"unwittingly, could"
2,"unwittingly, see"
2,"first, woman"
2,"first, gold"
2,"first, friendship"
2,"first, solid"
2,"please, remember"
2,"first, impression"
2,"humanity, live"
2,"weight, extra"
2,"weight, mean"
2,"outspoken, jameela"
2,"outspoken, loving"
2,"seems, thing"
2,"seems, false"
2,"please, bear"
2,"please, anytime"
2,"humanity, faith"
2,"type, wine"
2,"type, email"
2,"type, knowledge"
2,"tell, mine"
2,"tell, hate"
2,"tell, whatev–µr"
2,"tell, whatever"
2,"tell, fault"
2,"tell, qualified"
2,"tell, light"
2,"tell, nashville"
2,"tell, afterglow"
2,"tell, 35yearold"
2,"tell, wont"
2,"oftentimes, indepth"
2,"oftentimes, critical"
2,"hang, laugh"
2,"hang, wall"
2,"occasionally, using"
2,"prepping, start"
2,"prepping, bad"
2,"‚Äò cause, ‚Äô"
2,"‚Äò cause, want"
2,"tell, cut"
2,"ad, along"
2,"tell, little"
2,"order, achieve"
2,"humiliated, young"
2,"humiliated, publicly"
2,"63foot, time"
2,"easy, unintentional"
2,"easy, cocktail"
2,"easy, apologize"
2,"easy, make"
2,"easy, wasnt"
2,"advocate, big"
2,"order, natural"
2,"1, contributor1989"
2,"1, contributor2021"
2,"happened, something"
2,"happened, saying"
2,"order, get"
2,"order, miserable"
2,"order, bravely"
2,"order, act"
2,"order, truly"
2,"order, make"
2,"1, embed"
2,"5, lesson"
2,"ad, really"
2,"missouri, louis"
2,"per, se"
2,"per, experience"
2,"artist, miserable"
2,"artist, misconception"
2,"artist, room"
2,"artist, new"
2,"glittery, wearing"
2,"glittery, leotard"
2,"creative, people"
2,"arizona, usa"
2,"creative, amazing"
2,"thinly, fear"
2,"thinly, veiled"
2,"guess, ‚Äô"
2,"guess, fantasy"
2,"guess, later"
2,"guess, officially"
2,"remind, try"
2,"remind, good"
2,"type, different"
2,"thinly, presented"
2,"missouri, city"
2,"arizona, glendale"
2,"6, contributors30"
2,"missouri, usa"
2,"fortunate, enough"
2,"fortunate, long"
2,"moines, iowa"
2,"moines, de"
2,"university, class"
2,"university, commencement"
2,"university, york"
2,"blown, failure"
2,"siren, cry"
2,"became, said"
2,"hey, head"
2,"hey, ehyeah"
2,"hey, team"
2,"hey, last"
2,"hey, stadium"
2,"inevitably, misspeak"
2,"inevitably, life"
2,"role, female"
2,"role, model"
2,"became, young"
2,"show, expect"
2,"show, last"
2,"homeschool, education"
2,"game, know"
2,"beef, meat"
2,"beef, ground"
2,"score, test"
2,"score, top"
2,"offered, dream"
2,"offered, moral"
2,"complain, cant"
2,"complain, normal"
2,"forward, agonizing"
2,"forward, coming"
2,"forward, even"
2,"forward, looking"
2,"hit, truck"
2,"hit, eat"
2,"hit, got"
2,"hit, rock"
2,"defy, supposed"
2,"defy, gravity"
2,"game, whole"
2,"game, chase"
2,"game, mind"
2,"game, great"
2,"actual, 283"
2,"actual, age"
2,"snake‚Äîonly, like"
2,"snake‚Äîonly, bite"
2,"used, problem"
2,"used, anxious"
2,"lower, feeling"
2,"lower, ive"
2,"race, coming"
2,"comment, instagram"
2,"race, big"
2,"thats, searching"
2,"thats, gift"
2,"thats, ‚Äî"
2,"nothing, take"
2,"nothing, ‚Äô bout"
2,"nothing, contributorsain ‚Äô"
2,"game, changer"
2,"game, throne"
2,"game, single"
2,"thats, right"
2,"comment, could"
2,"comment, received"
2,"comment, post"
2,"blood, never"
2,"takedown, culture"
2,"takedown, tabloid"
2,"also, changer"
2,"also, simulation"
2,"also, made"
2,"also, might"
2,"also, im"
2,"also, anxiety"
2,"blood, lovebad"
2,"also, learned"
2,"also, blocking"
2,"also, great"
2,"also, top"
2,"also, inundate"
2,"texas, usa"
2,"texas, houston"
2,"texas, arlington"
2,"go, die"
2,"go, singing"
2,"also, take"
2,"actual, comment"
2,"222embed, class"
2,"breaking, avoid"
2,"comment, lol"
2,"comment, turn"
2,"comment, three"
2,"retrain, brain"
2,"retrain, hard"
2,"navigating, career"
2,"navigating, life"
2,"enviable, ex"
2,"enviable, promotion"
2,"222embed, 91"
2,"convey, lesson"
2,"likely, read"
2,"likely, sometimes"
2,"device, tie"
2,"device, plot"
2,"putting, ended"
2,"putting, three"
2,"unbelievable, u"
2,"unbelievable, honor"
2,"breaking, trust"
2,"convey, never"
2,"actual, taxidermist"
2,"calculate, immediately"
2,"calculate, celsius"
2,"set, even"
2,"youre, get"
2,"youre, shooting"
2,"youre, rising"
2,"youre, saying"
2,"youre, blue"
2,"youre, oh"
2,"youre, experiencing"
2,"youre, chance"
2,"set, ending"
2,"youre, searching"
2,"youre, friendship"
2,"youre, still"
2,"youre, negativity"
2,"youre, wrong"
2,"youre, sorry"
2,"night, tonight"
2,"night, breakfast"
2,"night, every"
2,"night, perfect"
2,"youre, fine"
2,"night, middle"
2,"speak, choose"
2,"speak, try"
2,"angel, perfect"
2,"proportion, youre"
2,"proportion, thing"
2,"proportion, turned"
2,"proportion, blown"
2,"selfesteem, healthy"
2,"selfesteem, need"
2,"ontario, usa"
2,"ontario, toronto"
2,"speak, like"
2,"ontario, canada"
2,"dark, low"
2,"dark, gone"
2,"bandage, dressing"
2,"bandage, grade"
2,"campaign, calling"
2,"campaign, hate"
2,"speak, fear"
2,"speak, 114"
2,"speak, enough"
2,"ontario, ottawa"
2,"go, smile"
2,"night, dress"
2,"turning, 30"
2,"teen, year"
2,"teen, 17"
2,"teen, twenty"
2,"teen, date"
2,"teen, like"
2,"hand, raising"
2,"hand, saying"
2,"hand, im"
2,"hand, pinned"
2,"teen, message"
2,"hand, go"
2,"everyone, step"
2,"everyone, sweet"
2,"everyone, college"
2,"everyone, front"
2,"everyone, zoom"
2,"everyone, time"
2,"done, weve"
2,"done, alone"
2,"done, fix"
2,"hand, behind"
2,"night, throwing"
2,"rental, consisted"
2,"overthink, think"
2,"turning, learned"
2,"shame, losing"
2,"shame, remove"
2,"shame, stigma"
2,"shame, firsthand"
2,"shame, choice"
2,"shame, hope"
2,"makeup, occasionally"
2,"makeup, sleeping"
2,"rental, car"
2,"away, need"
2,"away, even"
2,"away, college"
2,"away, go"
2,"away, nothing"
2,"yearning, much"
2,"yearning, deep"
2,"sisterhood, without"
2,"sisterhood, acceptance"
2,"overthink, deserve"
2,"away, walk"
2,"go, terrified"
2,"go, suffering"
2,"go, grace"
2,"least, paper"
2,"china, november"
2,"china, shanghai"
2,"loud, motherdaughter"
2,"loud, message"
2,"loud, pretending"
2,"loud, amongst"
2,"loud, sending"
2,"playful, experimentation"
2,"least, expect"
2,"playful, fashion"
2,"told, hear"
2,"told, kindness"
2,"told, yes"
2,"told, wasnt"
2,"told, moment"
2,"told, time"
2,"message, fed"
2,"message, u"
2,"message, would"
2,"told, u"
2,"message, didnt"
2,"least, doctor"
2,"break, trying"
2,"midnight, breakfast"
2,"justin, joe"
2,"justin, vernon"
2,"stage, standing"
2,"stage, see"
2,"stage, mostly"
2,"stage, performing"
2,"cause, mistake"
2,"cause, tell"
2,"columbia, canada"
2,"cause, one"
2,"bush, empire"
2,"bush, shepherd"
2,"collaborator, thank"
2,"collaborator, see"
2,"break, house"
2,"break, heart"
2,"break, even"
2,"break, love"
2,"break, whyd"
2,"cause, lose"
2,"midnight, fall"
2,"without, realizing"
2,"journalist, write"
2,"amount, planning"
2,"amount, tremendous"
2,"inward, learn"
2,"inward, look"
2,"fix, quick"
2,"fix, work"
2,"fix, one"
2,"canceled, worst"
2,"canceled, internet"
2,"hear, needed"
2,"canceled, im"
2,"girl, wanted"
2,"girl, lip"
2,"girl, surrender"
2,"girl, list"
2,"girl, surrounded"
2,"girl, got"
2,"twonovember, leg"
2,"twonovember, 7th"
2,"homeschool, work"
2,"canceled, getting"
2,"differently, instagram"
2,"hear, song"
2,"hear, easy"
2,"journalist, perspective"
2,"place, value"
2,"place, long"
2,"place, life"
2,"place, crowded"
2,"place, know"
2,"place, 13yearold"
2,"comfortable, much"
2,"comfortable, would"
2,"hear, hard"
2,"nh, key"
2,"offembed, woodsshake"
2,"offembed, 1"
2,"13yearold, roster"
2,"hour, support"
2,"hour, darkest"
2,"minnesota, paul"
2,"minnesota, usa"
2,"affect, daytoday"
2,"affect, bill"
2,"nh, got"
2,"cringe, alongside"
2,"ho, im"
2,"gut, trust"
2,"outweigh, many"
2,"outweigh, relationship"
2,"rewarding, happy"
2,"rewarding, life"
2,"emotional, part"
2,"emotional, pulled"
2,"hiding, alone"
2,"hiding, advocate"
2,"hiding, enthusiasm"
2,"seeing, dusting"
2,"hiding, bathroom"
2,"supported, student"
2,"tried, best"
2,"tried, someone"
2,"wan na, low"
2,"wan na, haim"
2,"wan na, lift"
2,"wan na, present"
2,"wan na, grab"
2,"wan na, thank"
2,"supported, today"
2,"wan na, best"
2,"seeing, still"
2,"pressure, choice"
2,"go, ultraviolet"
2,"go, baby"
2,"go, pop"
2,"go, meet"
2,"go, university"
2,"go, list"
2,"go, later"
2,"tour, costume"
2,"tour, date"
2,"pressure, know"
2,"tour, sound"
2,"tour, standing"
2,"tour, radio"
2,"tour, visuals"
2,"tour, knowing"
2,"throwing, old"
2,"pressure, turbulence"
2,"pressure, probably"
2,"pressure, love"
2,"pressure, living"
2,"tour, equivalent"
2,"ho, hole"
2,"lady, contribute"
2,"michigan, detroit"
2,"floor, work"
2,"wisdom, listen"
2,"wisdom, whatever"
2,"wisdom, come"
2,"wisdom, might"
2,"simple, joy"
2,"simple, wonderful"
2,"simple, bullying"
2,"simple, cruel"
2,"floor, airport"
2,"simple, learning"
2,"relief, bit"
2,"relief, hope"
2,"zoom, class"
2,"blew, lyric"
2,"blew, thing"
2,"totally, said"
2,"gut, led"
2,"gut, instinct"
2,"gut, know"
2,"simple, setting"
2,"lady, young"
2,"bridge, cathartic"
2,"myth, effortlessness"
2,"michigan, usa"
2,"crucial, choice"
2,"british, columbia"
2,"british, fan"
2,"british, vancouver"
2,"british, grateful"
2,"experienced, guy"
2,"experienced, point"
2,"allowed, arent"
2,"bridge, section"
2,"allowed, age"
2,"kid, southwest"
2,"kid, always"
2,"kid, uhuh"
2,"kid, cool"
2,"realized, fiveyearold"
2,"realized, leader"
2,"woah, got ta"
2,"woah, ooh"
2,"myth, people"
2,"kid, little"
2,"cringe, avoid"
2,"difference, learning"
2,"trouble, lot"
2,"people, note"
2,"people, theyre"
2,"people, sidetrack"
2,"people, along"
2,"people, made"
2,"people, realizing"
2,"people, jumped"
2,"people, asking"
2,"people, instantly"
2,"people, hurl"
2,"people, heard"
2,"people, apology"
2,"asks, someone"
2,"ex, fun"
2,"ex, update"
2,"ex, text"
2,"ex, right"
2,"people, might"
2,"people, wanted"
2,"people, chic"
2,"getting, hope"
2,"line, discussion"
2,"uhuh, stranger"
2,"uhuh, who"
2,"uhuh, ex"
2,"whether, stock"
2,"whether, writing"
2,"whether, relationship"
2,"whether, mistake"
2,"far, taking"
2,"whether, changed"
2,"whether, directing"
2,"pointless, completely"
2,"pointless, know"
2,"getting, likeability"
2,"getting, back"
2,"getting, ever"
2,"getting, garlic"
2,"getting, countdown"
2,"whether, general"
2,"far, helped"
2,"far, life"
2,"pennsylvania, pittsburgh"
2,"july, 7th"
2,"july, usa"
2,"july, 10th"
2,"laser, beam"
2,"laser, insecurity"
2,"worker, key"
2,"worker, tonight"
2,"folk, alternative"
2,"july, 25th"
2,"folk, might"
2,"sitting, lunch"
2,"lyricswelcome, costume"
2,"pinned, ‚Äô"
2,"covid, test"
2,"covid, thousand"
2,"lighter, life"
2,"lighter, anyway"
2,"genre, switched"
2,"sitting, flashback"
2,"line, centric"
2,"july, 11th"
2,"july, 18th"
2,"pennsylvania, usa"
2,"pennsylvania, usaeuropejune"
2,"pennsylvania, philadelphia"
2,"act, figuring"
2,"rodriguez, matos"
2,"rodriguez, humble"
2,"anxiety, stress"
2,"adding, free"
2,"july, 14th"
2,"adding, thing"
2,"sit, thing"
2,"sit, able"
2,"sit, room"
2,"sit, listen"
2,"sit, still"
2,"july, 19th"
2,"july, 13th"
2,"july, 24th"
2,"plot, one"
2,"genre, country"
2,"experimentation, dont"
2,"never, believed"
2,"advice, often"
2,"advice, helpful"
2,"advice, youngest"
2,"figuratively, falling"
2,"figuratively, person"
2,"wall, hole"
2,"wall, freshman"
2,"wall, id"
2,"miserable, way"
2,"miserable, time"
2,"evermore, folklore"
2,"evermore, one"
2,"sending, constantly"
2,"tension, argument"
2,"tension, wind"
2,"revolting, find"
2,"revolting, hilarious"
2,"advice, offer"
2,"advice, unsolicited"
2,"advice, executive"
2,"advice, give"
2,"pain, causing"
2,"pain, caused"
2,"slyly, funny"
2,"responsibility, actually"
2,"responsibility, use"
2,"polite, young"
2,"polite, raised"
2,"someday, get"
2,"december, australia"
2,"someday, deemed"
2,"someday, might"
2,"somewhere, ticket"
2,"somewhere, else"
2,"publicly, fiercely"
2,"jack, antonoff"
2,"jack, thank"
2,"advice, unless"
2,"advice, many"
2,"someday, sidetrack"
2,"december, 11th"
2,"december, 5th"
2,"december, 7th"
2,"worked, body"
2,"worked, hard"
2,"magnesium, muscle"
2,"trouble, may"
2,"never, able"
2,"never, opinion"
2,"never, changed"
2,"never, say"
2,"worked, youve"
2,"never, blow"
2,"never, got"
2,"never, forget"
2,"never, searching"
2,"never, intensely"
2,"never, example"
2,"never, punish"
2,"never, dealt"
2,"never, youve"
2,"never, take"
2,"never, ashamed"
2,"question, bazillion"
2,"subject, jamil"
2,"december, 12th"
2,"december, 10th"
2,"december, 8th"
2,"certificate, birth"
2,"certificate, turn"
2,"demoralizing, trial"
2,"demoralizing, awful"
2,"front, face"
2,"physical, sign"
2,"front, onstage"
2,"living, dream ‚Äù"
2,"4, lesson"
2,"4, amazingembed"
2,"4, learned"
2,"4, contributors2022"
2,"head, fahrenheit"
2,"head, im"
2,"subject, reading"
2,"living, embodiment"
2,"pain, address"
2,"october, 3rd"
2,"october, 24th"
2,"mistake, child"
2,"mistake, lie"
2,"mistake, led"
2,"folklore, making"
2,"alumnus, faculty"
2,"alumnus, today"
2,"found, always"
2,"found, tiny"
2,"found, lot"
2,"found, twenty"
2,"found, three"
2,"talking, fun"
2,"talking, group"
2,"wished, hair"
2,"wished, every"
2,"unique, one"
2,"iowa, usa"
2,"mistake, idea"
2,"mistake, equal"
2,"mistake, made"
2,"coexecutive, producer"
2,"feared, taken"
2,"feared, want"
2,"romanticsblank, spacei"
2,"romanticsblank, yorknew"
2,"north, charlotte"
2,"north, greensboro"
2,"north, raleigh"
2,"north, dakota"
2,"live, someone"
2,"north, fargo"
2,"light, morning"
2,"day, together"
2,"day, one"
2,"day, running"
2,"day, junior"
2,"day, try"
2,"day, fellow"
2,"coexecutive, thank"
2,"north, carolina"
2,"live, bravely"
2,"live, fuel"
2,"live, world"
2,"dancing, keep"
2,"breathe, breathing"
2,"breathe, doctor"
2,"clean, love"
2,"truth, even"
2,"truth, u"
2,"causing, draining"
2,"others, deny"
2,"dancing, heel"
2,"knowing, satisfaction"
2,"knowing, mean"
2,"knowing, looking"
2,"drama, much"
2,"drama, choose"
2,"drama, banish"
2,"improve, way"
2,"improve, world"
2,"gon na, asking"
2,"knowing, thing"
2,"supposed, woman"
2,"dancing, size"
2,"loving, curl"
2,"live, try"
2,"live, alongside"
2,"live, learn"
2,"situationships, something"
2,"situationships, friendship"
2,"chinaoceanianovember, shanghai"
2,"chinaoceanianovember, 28th"
2,"12, lesson"
2,"loving, ive"
2,"12, song"
2,"12, since"
2,"may, 20th"
2,"may, relationship"
2,"may, born"
2,"may, 6th"
2,"may, 22nd"
2,"may, usa"
2,"may, 30th"
2,"12, apologizing"
2,"october, 20th"
2,"supposed, word"
2,"excruciating, see"
2,"beautiful, much"
2,"beautiful, honor"
2,"dorm, locked"
2,"dorm, freshman"
2,"dorm, even"
2,"dorm, class"
2,"who, listen"
2,"who, one"
2,"who, taylor"
2,"sad, sometimes"
2,"sad, forever"
2,"could, survive"
2,"could, feel"
2,"could, absolutely"
2,"could, knowing"
2,"could, impression"
2,"could, something"
2,"darkest, life"
2,"impressive, someone"
2,"impressive, everything"
2,"11, recently"
2,"october, 17th"
2,"october, 27th"
2,"october, 12th"
2,"october, 9th"
2,"october, 31st"
2,"october, 21st"
2,"october, usa"
2,"october, 2nd"
2,"probably, resistance"
2,"october, 10th"
2,"imaginary, fantasy"
2,"imaginary, college"
2,"martin, deserved"
2,"martin, max"
2,"26, lesson"
2,"11, lesson"
2,"11, album"
2,"11, released"
2,"october, 8th"
2,"probably, wearing"
2,"probably, forget"
2,"ever, centered"
2,"stadium, reputation"
2,"stadium, size"
2,"sure, internet"
2,"sure, main"
2,"sure, pretty"
2,"sure, 90"
2,"face, falling"
2,"face, every"
2,"stadium, wembley"
2,"face, moisturize"
2,"decade, room"
2,"approval, real"
2,"approval, seeker"
2,"emergency, section"
2,"emergency, case"
2,"perfectly, didnt"
2,"perfectly, ‚Äî"
2,"perfectly, ruin"
2,"decade, meant"
2,"supposed, thing"
2,"enrichment, educational"
2,"salad, grass"
2,"ever, dont"
2,"ever, forever"
2,"ever, offer"
2,"ever, write"
2,"spritz, oldfashioneds"
2,"spritz, aperol"
2,"false, stigma"
2,"got, smile"
2,"roster, made"
2,"got, weasel"
2,"got, support"
2,"got, bully"
2,"got, everything"
2,"got, foot"
2,"got, apparently"
2,"got, caught"
2,"got, normal"
2,"salad, eat"
2,"got, look"
2,"pain, way"
2,"magnesium, take"
2,"loss, ultimately"
2,"full, conversation"
2,"dad, brother"
2,"dad, mom"
2,"confused, free"
2,"confused, lonely"
2,"brit, global"
2,"brit, contributor2021"
2,"brit, thank"
2,"brit, amazingembed"
2,"brit, anyone"
2,"minute, never"
2,"minute, one"
2,"slight, included"
2,"slight, barb"
2,"good, well"
2,"good, news"
2,"good, perfectly"
2,"good, especially"
2,"good, mess"
2,"full, walked"
2,"good, look"
2,"hate, online"
2,"hedge, fund"
2,"low, time"
2,"low, jon"
2,"discover, person"
2,"discover, time"
2,"creating, film"
2,"creating, visuals"
2,"lowest, theyre"
2,"lowest, point"
2,"terrified, completely"
2,"built, two"
2,"built, dont"
2,"posted, instagram"
2,"posted, finding"
2,"posted, rooftop"
2,"posted, keep"
2,"posted, picture"
2,"charm, people"
2,"charm, someone"
2,"immediately, learned"
2,"hedge, got"
2,"low, see"
2,"good, twenty"
2,"good, anything"
2,"really, back"
2,"really, far"
2,"really, help"
2,"really, grateful"
2,"really, dangerous"
2,"really, think"
2,"really, cool"
2,"japan, tokyo"
2,"japan, may"
2,"remember, today"
2,"remember, youll"
2,"remember, right"
2,"remember, 25"
2,"remember, people"
2,"planning, expense"
2,"men, lesson"
2,"men, required"
2,"city, utah"
2,"city, louisiana"
2,"really, someone"
2,"good, sight"
2,"really, shouldnt"
2,"follower, invoking"
2,"good, art"
2,"guilty, feel"
2,"knocked, never"
2,"knocked, foot"
2,"whose, exactly"
2,"whose, opinion"
2,"excruciatingly, age"
2,"decided, anyone"
2,"wellbeing, music"
2,"wellbeing, care"
2,"swift, contributorstranslationsfran√ßaisespa√±ol—Å—Ä–ø—Å–∫–∏portugu√™spolskitaylor"
2,"swift, taylor"
2,"swift, anyway"
2,"possible, feel"
2,"possible, day"
2,"fame, accomplishment"
2,"fame, focus"
2,"enthusiasm, thing"
2,"flex, lesson"
2,"follower, million"
2,"city, lake"
2,"started, company"
2,"started, online"
2,"new, incredible"
2,"new, moving"
2,"new, welcome"
2,"new, york"
2,"new, yorknew"
2,"new, graduate"
2,"new, friend"
2,"new, lyricswelcome"
2,"new, make"
2,"new, rutherford"
2,"new, jersey"
2,"new, chapter"
2,"new, contributors2022"
2,"fact, internet"
2,"fact, many"
2,"fact, maisie"
2,"fact, life"
2,"played, apparently"
2,"played, almost"
2,"read, someone"
2,"played, torturer"
2,"read, internet"
2,"experience, exists"
2,"dream, career"
2,"dream, need"
2,"dream, starting"
2,"dream, scar"
2,"dream, screw"
2,"dream, ambition"
2,"dream, taught"
2,"ehyeah, yeah"
2,"experience, believe"
2,"experience, wanted"
2,"experience, mistake"
2,"experience, human"
2,"experience, extraordinary"
2,"experience, reality"
2,"experience, college"
2,"experience, getting"
2,"experience, awful"
2,"experience, laugh"
2,"experience, went"
2,"read, story"
2,"started, public"
2,"played, glastonbury"
2,"newer, better"
2,"selfaware, slyly"
2,"shepherd, playing"
2,"mind, bear"
2,"mind, need"
2,"mind, way"
2,"mind, one"
2,"mind, playing"
2,"mind, reader"
2,"mind, lose"
2,"share, proud"
2,"share, id"
2,"struggled, worked"
2,"lovebad, storystyle"
2,"short, film"
2,"short, video"
2,"started, person"
2,"started, uncle"
2,"started, someone"
2,"started, writing"
2,"selfaware, honest"
2,"newer, thought"
2,"throw, thing"
2,"control, spiral"
2,"education, finished"
2,"talk, way"
2,"leave, may"
2,"leave, today"
2,"leave, thing"
2,"leave, led"
2,"leave, structure"
2,"leave, behind"
2,"voice, finding"
2,"voice, hearing"
2,"felt, alone"
2,"felt, model"
2,"felt, ever"
2,"felt, lonely"
2,"felt, eyeliner"
2,"felt, risk"
2,"exhibiting, physical"
2,"exhibiting, woman"
2,"control, make"
2,"throw, old"
2,"city, kansa"
2,"2015, 19th"
2,"city, bossier"
2,"hire, people"
2,"chosen, wasnt"
2,"chosen, didnt"
2,"chosen, family"
2,"bos, email"
2,"bos, best"
2,"cathartic, extraordinary"
2,"month, tremendous"
2,"magical, miserable"
2,"make, u"
2,"magical, oh"
2,"make, hipster"
2,"shouted, rooftop"
2,"make, sorry"
2,"value, system"
2,"hire, work"
2,"make, cut"
2,"sauce, mol√©"
2,"make, didnt"
2,"vulnerable, put"
2,"cathartic, unique"
2,"make, drive"
2,"make, mistake"
2,"make, sincere"
2,"walked, theyve"
2,"unresolvable, blocking"
2,"make, help"
2,"cathartic, intensely"
2,"make, change"
2,"undercut, try"
2,"unresolvable, feel"
2,"make, vitamin"
2,"sauce, getting"
2,"shouted, friend"
2,"selfimposed, whether"
2,"shinier, hair"
2,"energy, health"
2,"make, trying"
2,"griff, soul"
2,"selfimposed, exile"
2,"energy, give"
2,"true, love"
2,"energy, lesson"
2,"true, finding"
2,"shinier, curve"
2,"make, fun"
2,"eagerness, culture"
2,"remotely, required"
2,"remotely, even"
2,"make, 26"
2,"loss, chance"
2,"eagerness, around"
2,"true, fighting"
2,"make, step"
2,"griff, ed"
2,"energy, think"
2,"energy, hair"
2,"undercut, success"
2,"energy, much"
2,"vulnerable, citizen"
2,"value, learn"
3,"oliver, jamie, chicken"
3,"would, could, nice"
3,"lesson, year, 25"
3,"lesson, learn, ive"
3,"thats, said, good"
3,"lesson, year, 15"
3,"would, one, love"
3,"extension, everything, writing"
3,"would, get, want"
3,"nothing, dont, ‚Äô"
3,"would, entirely, fault"
3,"lesson, thing, ive"
3,"know, dont, ‚Äô"
3,"know, time, right"
3,"emergency, unless, specific"
3,"would, song, love"
3,"emergency, desperately, needed"
3,"lesson, year, 30"
3,"lesson, year, 10"
3,"would, hang, want"
3,"would, know, doctor"
3,"twentytwo, oh, ohohohoh"
3,"would, get, could"
3,"like, important, moment"
3,"im, meant, sorry"
3,"like, way, look"
3,"like, way, felt"
3,"like, way, best"
3,"like, way, feel"
3,"ever, enough, get"
3,"like, back, look"
3,"ever, online, get"
3,"didnt, time, know"
3,"like, back, life"
3,"living, life, turn"
3,"6, lesson, ive"
3,"next, know, dont"
3,"also, pas, like"
3,"finding, im, know"
3,"like, living, life"
3,"like, twentytwo, look"
3,"like, life, felt"
3,"comment, keep, yes"
3,"pick, get, life"
3,"face, im, looking"
3,"face, ‚Äô, dont"
3,"face, ‚Äô, much"
3,"24, lesson, ive"
3,"lesson, ive, 10"
3,"share, day, lesson"
3,"o2, playing, arena"
3,"would, consensus, internet"
3,"would, get, ever"
3,"u, maybe, arent"
3,"twentytwo, oh, yeah"
3,"twentytwo, oh, might"
3,"twentytwo, dont, know"
3,"twentytwo, dont, look"
3,"twentytwo, everything, might"
3,"dc, washington, usa"
3,"prove, right, wrong"
3,"bill, berkley, trustee"
3,"know, lot, time"
3,"someone, validation, need"
3,"would, fall, love"
3,"would, know, nice"
3,"feel, part, still"
3,"may, feel, normal"
3,"youre, youll, probably"
3,"feel, part, 18"
3,"something, way, love"
3,"youre, trying, failing"
3,"youre, trying, tell"
3,"youre, trying, arent"
3,"something, ‚Äô, mother"
3,"youre, know, going"
3,"youre, new, leave"
3,"want, im, say"
3,"want, im, honor"
3,"treat, world, love"
3,"want, everything, thank"
3,"let, hold, time"
3,"cant, life, get"
3,"cant, life, carry"
3,"want, around, lesson"
3,"youre, news, cool"
3,"youre, like, ahh"
3,"youre, something, new"
3,"get, always, life"
3,"many, idea, cool"
3,"ill, never, ever"
3,"brain, need, still"
3,"ill, fun, know"
3,"something, thought, love"
3,"knowget, know, dont"
3,"feel, alive, way"
3,"feel, everything, much"
3,"something, right, thought"
3,"feel, sleeping, yeah"
3,"experience, life, ive"
3,"feel, made, ive"
3,"feel, need, still"
3,"something, ‚Äô, dont"
3,"something, ‚Äô, love"
3,"youre, promise, cringe"
3,"youre, mean, probably"
3,"youre, something, met"
3,"night, place, one"
3,"night, forget, one"
3,"night, twentytwo, wont"
3,"night, twentytwo, ditch"
3,"broken, seen, theyve"
3,"trustee, member, board"
3,"rest, life, maybe"
3,"would, love, thought"
3,"stay, love, one"
3,"know, room, time"
3,"would, fall, axis"
3,"voice, different, reason"
3,"day, made, every"
3,"would, misbehaving, punish"
3,"lesson, 29, ive"
3,"done, u, could"
3,"done, u, ‚Äô"
3,"done, u, today"
3,"done, youve, tell"
3,"would, want, love"
3,"youll, find, way"
3,"done, tell, ‚Äô"
3,"im, know, way"
3,"lyric, way, feel"
3,"would, know, word"
3,"learned, ive, thing"
3,"say, right, know"
3,"night, twentytwo, look"
3,"let, learned, dont"
3,"say, know, im"
3,"want, honor, thank"
3,"night, put, look"
3,"want, thank, love"
3,"want, anything, say"
3,"want, cool, lesson"
3,"want, still, love"
3,"first, year, 15"
3,"say, try, dont"
3,"cant, even, tell"
3,"first, thing, life"
3,"learned, dont, look"
3,"let, people, together"
3,"every, room, time"
3,"2015, washington, seattle"
3,"talking, thing, im"
3,"write, different, situation"
3,"learned, ive, 29"
3,"stay, love, still"
3,"could, day, lesson"
3,"next, know, time"
3,"life, need, someone"
3,"today, know, way"
3,"today, know, u"
3,"today, know, word"
3,"really, im, way"
3,"life, much, love"
3,"always, life, ive"
3,"helped, get, thing"
3,"really, love, way"
3,"thing, im, way"
3,"life, room, time"
3,"people, face, dont"
3,"‚Äô, much, love"
3,"people, want, love"
3,"people, want, bully"
3,"might, innocent, still"
3,"people, want, say"
3,"might, feel, everything"
3,"might, feel, still"
3,"thing, losing, lot"
3,"life, room, much"
3,"people, love, life"
3,"thing, im, life"
3,"friend, wanted, date"
3,"sometimes, time, get"
3,"sometimes, time, right"
3,"past, love, life"
3,"sometimes, time, everything"
3,"tell, might, hard"
3,"proud, part, feel"
3,"make, thing, learned"
3,"going, im, know"
3,"thing, time, right"
3,"thing, way, best"
3,"happened, next, know"
3,"thing, turn, life"
3,"1, thing, learned"
3,"1, thing, yeah"
3,"step, someone, take"
3,"1, thing, lesson"
3,"make, thing, countdown"
3,"make, thing, lose"
3,"totally, terrifying, news"
3,"really, u, squirm"
3,"life, love, ive"
3,"might, time, everything"
3,"really, feel, way"
3,"people, thing, life"
3,"people, thing, lot"
3,"hear, say, want"
3,"message, woman, tell"
3,"message, woman, telling"
3,"really, time, right"
3,"hear, say, need"
3,"hear, say, okay"
3,"differently, different, write"
3,"differently, different, thing"
3,"dont, give, life"
3,"place, one, music"
3,"place, one, stay"
3,"thing, feel, ive"
3,"thing, feel, yeah"
3,"thing, feel, way"
3,"thing, carry, life"
3,"thing, keep, hard"
3,"overwhelmed, get, good"
3,"uhuh, feel, yeah"
3,"year, last, 10"
3,"year, last, 15"
3,"board, chairman, nyus"
3,"really, lose, time"
3,"tell, hurt, trying"
3,"strike, someone, know"
3,"people, school, bully"
3,"‚Äî, myspace, yes"
3,"people, know, wouldnt"
3,"people, know, didnt"
3,"people, know, lot"
3,"people, know, going"
3,"least, one, moment"
3,"least, one, wanted"
3,"really, feel, proud"
3,"really, feel, right"
3,"fight, losing, thing"
3,"people, many, thing"
3,"fight, say, know"
3,"couple, thought, know"
3,"fight, time, thing"
3,"fight, time, know"
3,"thing, youll, way"
3,"people, hurt, dont"
3,"hurt, sorry, someone"
3,"hear, life, need"
3,"knew, trouble, wish"
3,"people, helped, thing"
3,"knew, could, never"
3,"tell, hurt, person"
3,"aaron, thank, dessner"
3,"tell, hurt, dont"
3,"go, know, dont"
3,"one, something, love"
3,"one, fight, boarding"
3,"go, way, thing"
3,"one, fight, thing"
3,"go, let, rest"
3,"go, let, dont"
3,"one, fight, fair"
3,"go, better, thing"
3,"go, tour, world"
3,"go, know, ill"
3,"one, im, thing"
3,"way, move, try"
3,"ooh, yeah, twentytwo"
3,"one, better, thing"
3,"ooh, feel, yeah"
3,"ooh, keep, alright"
3,"ooh, dont, twentytwo"
3,"tour, time, stadium"
3,"ooh, need, feel"
3,"avoid, dont, try"
3,"realized, actually, thing"
3,"one, loved, u"
3,"fan, love, thank"
3,"go, know, way"
3,"trend, fun, phase"
3,"like, one, loved"
3,"could, lesson, fear"
3,"could, happen, u"
3,"year, four, last"
3,"like, one, moment"
3,"hey, dont, ohoh"
3,"boost, one, ego"
3,"hey, dont, say"
3,"hey, dont, ‚Äô"
3,"one, today, u"
3,"like, would, one"
3,"one, burned, u"
3,"perspective, time, lose"
3,"go, would, could"
3,"go, would, know"
3,"go, would, want"
3,"way, car, cry"
3,"go, oftentimes, good"
3,"go, good, thing"
3,"go, good, world"
3,"go, tell, ill"
3,"go, tell, thing"
3,"one, room, there"
3,"fan, love, life"
3,"fan, friend, thank"
3,"maybe, dont, life"
3,"tell, thing, hard"
3,"fan, update, life"
3,"tell, thing, ‚Äô"
3,"never, ive, thing"
3,"crucial, moment, important"
3,"tell, t–µll, love"
3,"never, ive, ever"
3,"tell, trying, im"
3,"tell, always, well"
3,"tell, person, love"
3,"try, give, dont"
3,"tell, say, dont"
3,"tell, say, im"
3,"thing, ‚Äô, lot"
3,"lead, choice, next"
3,"much, music, needed"
3,"kid, never, popular"
3,"sometimes, say, right"
3,"lead, choice, make"
3,"tell, thing, losing"
3,"tell, fucked, ‚Äô"
3,"tell, thing, im"
3,"make, excuse, learn"
3,"back, get, life"
3,"make, choice, right"
3,"good, thing, get"
3,"good, thing, make"
3,"wrong, person, love"
3,"thank, opportunity, love"
3,"like, dancing, twentytwo"
3,"thank, world, love"
3,"never, stop, appreciating"
3,"thank, much, everything"
3,"thank, much, love"
3,"tell, say, need"
3,"wrong, choice, trusting"
3,"wrong, choice, right"
3,"tell, dont, ‚Äô"
3,"tell, love, ‚Äô"
4,"people, know, dont, say"
4,"would, ‚Äî, one, ever"
4,"let, people, say, dont"
4,"u, lot, ‚Äô, know"
4,"go, tell, dont, always"
4,"thing, time, life, ive"
4,"people, always, life, dont"
4,"thing, time, life, get"
4,"thing, time, life, worst"
4,"thing, time, lot, get"
4,"wan na, dont, ooh, lose"
4,"wan na, dont, ooh, ‚Äô"
4,"make, thing, right, feel"
4,"perspective, time, get, life"
4,"would, know, right, thought"
4,"thing, time, every, lose"
